Community,Mode,Time Range,Cost,MI
"Arboretum, Anacostia River",drive,10,2.09375,26242.93346
"Arboretum, Anacostia River",drive,20,4.1875,15197.87172
"Arboretum, Anacostia River",drive,30,6.28125,8801.428584
"Arboretum, Anacostia River",drive,40,8.375,5097.104816
"Arboretum, Anacostia River",drive,50,10.46875,2951.847789
"Arboretum, Anacostia River",drive,60,12.5625,1709.4813
"Arboretum, Anacostia River",bicycle,10,0.260273973,33507.69118
"Arboretum, Anacostia River",bicycle,20,0.260273973,33507.69118
"Arboretum, Anacostia River",bicycle,30,0.260273973,33507.69118
"Arboretum, Anacostia River",bicycle,40,0.260273973,33507.69118
"Arboretum, Anacostia River",bicycle,50,0.510273973,31391.97076
"Arboretum, Anacostia River",bicycle,60,1.010273973,27552.86316
"Arboretum, Anacostia River",walk,10,0,3612
"Arboretum, Anacostia River",walk,20,0,3612
"Arboretum, Anacostia River",walk,30,0,3612
"Arboretum, Anacostia River",walk,40,0,3612
"Arboretum, Anacostia River",walk,50,0,3612
"Arboretum, Anacostia River",walk,60,0,3612
"Arboretum, Anacostia River",transit,10,2,11389.12138
"Arboretum, Anacostia River",transit,20,2,11389.12138
"Arboretum, Anacostia River",transit,30,2,11389.12138
"Arboretum, Anacostia River",transit,40,2,11389.12138
"Arboretum, Anacostia River",transit,50,2,11389.12138
"Arboretum, Anacostia River",transit,60,2,11389.12138
"Brightwood Park, Crestwood, Petworth",drive,10,2.09375,19339.32376
"Brightwood Park, Crestwood, Petworth",drive,20,4.1875,8493.458461
"Brightwood Park, Crestwood, Petworth",drive,30,6.28125,3730.163347
"Brightwood Park, Crestwood, Petworth",drive,40,8.375,1638.215888
"Brightwood Park, Crestwood, Petworth",drive,50,10.46875,719.4728611
"Brightwood Park, Crestwood, Petworth",drive,60,12.5625,315.9786214
"Brightwood Park, Crestwood, Petworth",bicycle,10,0.260273973,35683.7802
"Brightwood Park, Crestwood, Petworth",bicycle,20,0.260273973,35683.7802
"Brightwood Park, Crestwood, Petworth",bicycle,30,0.260273973,35683.7802
"Brightwood Park, Crestwood, Petworth",bicycle,40,0.260273973,35683.7802
"Brightwood Park, Crestwood, Petworth",bicycle,50,0.510273973,32344.57112
"Brightwood Park, Crestwood, Petworth",bicycle,60,1.010273973,26574.33953
"Brightwood Park, Crestwood, Petworth",walk,10,0,4290
"Brightwood Park, Crestwood, Petworth",walk,20,0,4290
"Brightwood Park, Crestwood, Petworth",walk,30,0,4290
"Brightwood Park, Crestwood, Petworth",walk,40,0,4290
"Brightwood Park, Crestwood, Petworth",walk,50,0,4290
"Brightwood Park, Crestwood, Petworth",walk,60,0,4290
"Brightwood Park, Crestwood, Petworth",transit,10,2,6849.990792
"Brightwood Park, Crestwood, Petworth",transit,20,2,6849.990792
"Brightwood Park, Crestwood, Petworth",transit,30,2,6849.990792
"Brightwood Park, Crestwood, Petworth",transit,40,2,6849.990792
"Brightwood Park, Crestwood, Petworth",transit,50,2,6849.990792
"Brightwood Park, Crestwood, Petworth",transit,60,2,6849.990792
"Brookland, Brentwood, Langdon",drive,10,2.09375,24849.44304
"Brookland, Brentwood, Langdon",drive,20,4.1875,13770.7638
"Brookland, Brentwood, Langdon",drive,30,6.28125,7631.315329
"Brookland, Brentwood, Langdon",drive,40,8.375,4229.030031
"Brookland, Brentwood, Langdon",drive,50,10.46875,2343.592714
"Brookland, Brentwood, Langdon",drive,60,12.5625,1298.743865
"Brookland, Brentwood, Langdon",bicycle,10,0.260273973,38660.47249
"Brookland, Brentwood, Langdon",bicycle,20,0.260273973,38660.47249
"Brookland, Brentwood, Langdon",bicycle,30,0.260273973,38660.47249
"Brookland, Brentwood, Langdon",bicycle,40,0.260273973,38660.47249
"Brookland, Brentwood, Langdon",bicycle,50,0.510273973,36029.41177
"Brookland, Brentwood, Langdon",bicycle,60,1.010273973,31292.27948
"Brookland, Brentwood, Langdon",walk,10,0,2728
"Brookland, Brentwood, Langdon",walk,20,0,2728
"Brookland, Brentwood, Langdon",walk,30,0,2728
"Brookland, Brentwood, Langdon",walk,40,0,2728
"Brookland, Brentwood, Langdon",walk,50,0,2728
"Brookland, Brentwood, Langdon",walk,60,0,2728
"Brookland, Brentwood, Langdon",transit,10,2,8155.05537
"Brookland, Brentwood, Langdon",transit,20,2,8155.05537
"Brookland, Brentwood, Langdon",transit,30,2,8155.05537
"Brookland, Brentwood, Langdon",transit,40,2,8155.05537
"Brookland, Brentwood, Langdon",transit,50,2,8155.05537
"Brookland, Brentwood, Langdon",transit,60,2,8155.05537
"Capitol Hill, Lincoln Park",drive,10,2.09375,14442.46292
"Capitol Hill, Lincoln Park",drive,20,4.1875,4688.140235
"Capitol Hill, Lincoln Park",drive,30,6.28125,1521.808225
"Capitol Hill, Lincoln Park",drive,40,8.375,493.9912538
"Capitol Hill, Lincoln Park",drive,50,10.46875,160.353555
"Capitol Hill, Lincoln Park",drive,60,12.5625,52.05206043
"Capitol Hill, Lincoln Park",bicycle,10,0.260273973,33360.01683
"Capitol Hill, Lincoln Park",bicycle,20,0.260273973,33360.01683
"Capitol Hill, Lincoln Park",bicycle,30,0.260273973,33360.01683
"Capitol Hill, Lincoln Park",bicycle,40,0.260273973,33360.01683
"Capitol Hill, Lincoln Park",bicycle,50,0.510273973,29166.28443
"Capitol Hill, Lincoln Park",bicycle,60,1.010273973,22294.14381
"Capitol Hill, Lincoln Park",walk,10,0,5598
"Capitol Hill, Lincoln Park",walk,20,0,5598
"Capitol Hill, Lincoln Park",walk,30,0,5598
"Capitol Hill, Lincoln Park",walk,40,0,5598
"Capitol Hill, Lincoln Park",walk,50,0,5598
"Capitol Hill, Lincoln Park",walk,60,0,5598
"Capitol Hill, Lincoln Park",transit,10,2,8342.316345
"Capitol Hill, Lincoln Park",transit,20,2,8342.316345
"Capitol Hill, Lincoln Park",transit,30,2,8342.316345
"Capitol Hill, Lincoln Park",transit,40,2,8342.316345
"Capitol Hill, Lincoln Park",transit,50,2,8342.316345
"Capitol Hill, Lincoln Park",transit,60,2,8342.316345
"Capitol View, Marshall Heights, Benning Heights",drive,10,2.09375,32444.14974
"Capitol View, Marshall Heights, Benning Heights",drive,20,4.1875,26778.16409
"Capitol View, Marshall Heights, Benning Heights",drive,30,6.28125,22101.67559
"Capitol View, Marshall Heights, Benning Heights",drive,40,8.375,18241.88029
"Capitol View, Marshall Heights, Benning Heights",drive,50,10.46875,15056.15242
"Capitol View, Marshall Heights, Benning Heights",drive,60,12.5625,12426.77412
"Capitol View, Marshall Heights, Benning Heights",bicycle,10,0.260273973,26900.45788
"Capitol View, Marshall Heights, Benning Heights",bicycle,20,0.260273973,26900.45788
"Capitol View, Marshall Heights, Benning Heights",bicycle,30,0.260273973,26900.45788
"Capitol View, Marshall Heights, Benning Heights",bicycle,40,0.260273973,26900.45788
"Capitol View, Marshall Heights, Benning Heights",bicycle,50,0.510273973,26290.97941
"Capitol View, Marshall Heights, Benning Heights",bicycle,60,1.010273973,25113.13611
"Capitol View, Marshall Heights, Benning Heights",walk,10,0,1448
"Capitol View, Marshall Heights, Benning Heights",walk,20,0,1448
"Capitol View, Marshall Heights, Benning Heights",walk,30,0,1448
"Capitol View, Marshall Heights, Benning Heights",walk,40,0,1448
"Capitol View, Marshall Heights, Benning Heights",walk,50,0,1448
"Capitol View, Marshall Heights, Benning Heights",walk,60,0,1448
"Capitol View, Marshall Heights, Benning Heights",transit,10,2,8850.154651
"Capitol View, Marshall Heights, Benning Heights",transit,20,2,8850.154651
"Capitol View, Marshall Heights, Benning Heights",transit,30,2,8850.154651
"Capitol View, Marshall Heights, Benning Heights",transit,40,2,8850.154651
"Capitol View, Marshall Heights, Benning Heights",transit,50,2,8850.154651
"Capitol View, Marshall Heights, Benning Heights",transit,60,2,8850.154651
"Cathedral Heights, McLean Gardens, Glover Park",drive,10,2.09375,22169.70377
"Cathedral Heights, McLean Gardens, Glover Park",drive,20,4.1875,11136.44277
"Cathedral Heights, McLean Gardens, Glover Park",drive,30,6.28125,5594.136887
"Cathedral Heights, McLean Gardens, Glover Park",drive,40,8.375,2810.086501
"Cathedral Heights, McLean Gardens, Glover Park",drive,50,10.46875,1411.582574
"Cathedral Heights, McLean Gardens, Glover Park",drive,60,12.5625,709.076166
"Cathedral Heights, McLean Gardens, Glover Park",bicycle,10,0.260273973,36778.56702
"Cathedral Heights, McLean Gardens, Glover Park",bicycle,20,0.260273973,36778.56702
"Cathedral Heights, McLean Gardens, Glover Park",bicycle,30,0.260273973,36778.56702
"Cathedral Heights, McLean Gardens, Glover Park",bicycle,40,0.260273973,36778.56702
"Cathedral Heights, McLean Gardens, Glover Park",bicycle,50,0.510273973,33875.96781
"Cathedral Heights, McLean Gardens, Glover Park",bicycle,60,1.010273973,28739.91811
"Cathedral Heights, McLean Gardens, Glover Park",walk,10,0,2697
"Cathedral Heights, McLean Gardens, Glover Park",walk,20,0,2697
"Cathedral Heights, McLean Gardens, Glover Park",walk,30,0,2697
"Cathedral Heights, McLean Gardens, Glover Park",walk,40,0,2697
"Cathedral Heights, McLean Gardens, Glover Park",walk,50,0,2697
"Cathedral Heights, McLean Gardens, Glover Park",walk,60,0,2697
"Cathedral Heights, McLean Gardens, Glover Park",transit,10,2,3695.281121
"Cathedral Heights, McLean Gardens, Glover Park",transit,20,2,3695.281121
"Cathedral Heights, McLean Gardens, Glover Park",transit,30,2,3695.281121
"Cathedral Heights, McLean Gardens, Glover Park",transit,40,2,3695.281121
"Cathedral Heights, McLean Gardens, Glover Park",transit,50,2,3695.281121
"Cathedral Heights, McLean Gardens, Glover Park",transit,60,2,3695.281121
"Cleveland Park, Woodley Park, Massachusetts Avenue Heights, Woodland Normanstone Terrace",drive,10,2.09375,14042.62456
"Cleveland Park, Woodley Park, Massachusetts Avenue Heights, Woodland Normanstone Terrace",drive,20,4.1875,4471.143309
"Cleveland Park, Woodley Park, Massachusetts Avenue Heights, Woodland Normanstone Terrace",drive,30,6.28125,1423.603003
"Cleveland Park, Woodley Park, Massachusetts Avenue Heights, Woodland Normanstone Terrace",drive,40,8.375,453.2723221
"Cleveland Park, Woodley Park, Massachusetts Avenue Heights, Woodland Normanstone Terrace",drive,50,10.46875,144.3209923
"Cleveland Park, Woodley Park, Massachusetts Avenue Heights, Woodland Normanstone Terrace",drive,60,12.5625,45.95151257
"Cleveland Park, Woodley Park, Massachusetts Avenue Heights, Woodland Normanstone Terrace",bicycle,10,0.260273973,36237.80683
"Cleveland Park, Woodley Park, Massachusetts Avenue Heights, Woodland Normanstone Terrace",bicycle,20,0.260273973,36237.80683
"Cleveland Park, Woodley Park, Massachusetts Avenue Heights, Woodland Normanstone Terrace",bicycle,30,0.260273973,36237.80683
"Cleveland Park, Woodley Park, Massachusetts Avenue Heights, Woodland Normanstone Terrace",bicycle,40,0.260273973,36237.80683
"Cleveland Park, Woodley Park, Massachusetts Avenue Heights, Woodland Normanstone Terrace",bicycle,50,0.510273973,31609.31441
"Cleveland Park, Woodley Park, Massachusetts Avenue Heights, Woodland Normanstone Terrace",bicycle,60,1.010273973,24050.35094
"Cleveland Park, Woodley Park, Massachusetts Avenue Heights, Woodland Normanstone Terrace",walk,10,0,3664
"Cleveland Park, Woodley Park, Massachusetts Avenue Heights, Woodland Normanstone Terrace",walk,20,0,3664
"Cleveland Park, Woodley Park, Massachusetts Avenue Heights, Woodland Normanstone Terrace",walk,30,0,3664
"Cleveland Park, Woodley Park, Massachusetts Avenue Heights, Woodland Normanstone Terrace",walk,40,0,3664
"Cleveland Park, Woodley Park, Massachusetts Avenue Heights, Woodland Normanstone Terrace",walk,50,0,3664
"Cleveland Park, Woodley Park, Massachusetts Avenue Heights, Woodland Normanstone Terrace",walk,60,0,3664
"Cleveland Park, Woodley Park, Massachusetts Avenue Heights, Woodland Normanstone Terrace",transit,10,2,6582.135974
"Cleveland Park, Woodley Park, Massachusetts Avenue Heights, Woodland Normanstone Terrace",transit,20,2,6582.135974
"Cleveland Park, Woodley Park, Massachusetts Avenue Heights, Woodland Normanstone Terrace",transit,30,2,6582.135974
"Cleveland Park, Woodley Park, Massachusetts Avenue Heights, Woodland Normanstone Terrace",transit,40,2,6582.135974
"Cleveland Park, Woodley Park, Massachusetts Avenue Heights, Woodland Normanstone Terrace",transit,50,2,6582.135974
"Cleveland Park, Woodley Park, Massachusetts Avenue Heights, Woodland Normanstone Terrace",transit,60,2,6582.135974
"Colonial Village, Shepherd Park, North Portal Estates",drive,10,2.09375,9225.458508
"Colonial Village, Shepherd Park, North Portal Estates",drive,20,4.1875,2126.876367
"Colonial Village, Shepherd Park, North Portal Estates",drive,30,6.28125,490.3391062
"Colonial Village, Shepherd Park, North Portal Estates",drive,40,8.375,113.044859
"Colonial Village, Shepherd Park, North Portal Estates",drive,50,10.46875,26.06184168
"Colonial Village, Shepherd Park, North Portal Estates",drive,60,12.5625,6.008407613
"Colonial Village, Shepherd Park, North Portal Estates",bicycle,10,0.260273973,24968.00261
"Colonial Village, Shepherd Park, North Portal Estates",bicycle,20,0.260273973,24968.00261
"Colonial Village, Shepherd Park, North Portal Estates",bicycle,30,0.260273973,24968.00261
"Colonial Village, Shepherd Park, North Portal Estates",bicycle,40,0.260273973,24968.00261
"Colonial Village, Shepherd Park, North Portal Estates",bicycle,50,0.510273973,20955.34236
"Colonial Village, Shepherd Park, North Portal Estates",bicycle,60,1.010273973,14761.03056
"Colonial Village, Shepherd Park, North Portal Estates",walk,10,0,1685
"Colonial Village, Shepherd Park, North Portal Estates",walk,20,0,1685
"Colonial Village, Shepherd Park, North Portal Estates",walk,30,0,1685
"Colonial Village, Shepherd Park, North Portal Estates",walk,40,0,1685
"Colonial Village, Shepherd Park, North Portal Estates",walk,50,0,1685
"Colonial Village, Shepherd Park, North Portal Estates",walk,60,0,1685
"Colonial Village, Shepherd Park, North Portal Estates",transit,10,2,2131.59777
"Colonial Village, Shepherd Park, North Portal Estates",transit,20,2,2131.59777
"Colonial Village, Shepherd Park, North Portal Estates",transit,30,2,2131.59777
"Colonial Village, Shepherd Park, North Portal Estates",transit,40,2,2131.59777
"Colonial Village, Shepherd Park, North Portal Estates",transit,50,2,2131.59777
"Colonial Village, Shepherd Park, North Portal Estates",transit,60,2,2131.59777
"Columbia Heights, Mt. Pleasant, Pleasant Plains, Park View",drive,10,2.09375,24818.62611
"Columbia Heights, Mt. Pleasant, Pleasant Plains, Park View",drive,20,4.1875,12898.42325
"Columbia Heights, Mt. Pleasant, Pleasant Plains, Park View",drive,30,6.28125,6703.405801
"Columbia Heights, Mt. Pleasant, Pleasant Plains, Park View",drive,40,8.375,3483.809491
"Columbia Heights, Mt. Pleasant, Pleasant Plains, Park View",drive,50,10.46875,1810.561516
"Columbia Heights, Mt. Pleasant, Pleasant Plains, Park View",drive,60,12.5625,940.9621889
"Columbia Heights, Mt. Pleasant, Pleasant Plains, Park View",bicycle,10,0.260273973,41782.48158
"Columbia Heights, Mt. Pleasant, Pleasant Plains, Park View",bicycle,20,0.260273973,41782.48158
"Columbia Heights, Mt. Pleasant, Pleasant Plains, Park View",bicycle,30,0.260273973,41782.48158
"Columbia Heights, Mt. Pleasant, Pleasant Plains, Park View",bicycle,40,0.260273973,41782.48158
"Columbia Heights, Mt. Pleasant, Pleasant Plains, Park View",bicycle,50,0.510273973,38641.59043
"Columbia Heights, Mt. Pleasant, Pleasant Plains, Park View",bicycle,60,1.010273973,33050.38465
"Columbia Heights, Mt. Pleasant, Pleasant Plains, Park View",walk,10,0,8599
"Columbia Heights, Mt. Pleasant, Pleasant Plains, Park View",walk,20,0,8599
"Columbia Heights, Mt. Pleasant, Pleasant Plains, Park View",walk,30,0,8599
"Columbia Heights, Mt. Pleasant, Pleasant Plains, Park View",walk,40,0,8599
"Columbia Heights, Mt. Pleasant, Pleasant Plains, Park View",walk,50,0,8599
"Columbia Heights, Mt. Pleasant, Pleasant Plains, Park View",walk,60,0,8599
"Columbia Heights, Mt. Pleasant, Pleasant Plains, Park View",transit,10,2,16822.31458
"Columbia Heights, Mt. Pleasant, Pleasant Plains, Park View",transit,20,2,16822.31458
"Columbia Heights, Mt. Pleasant, Pleasant Plains, Park View",transit,30,2,16822.31458
"Columbia Heights, Mt. Pleasant, Pleasant Plains, Park View",transit,40,2,16822.31458
"Columbia Heights, Mt. Pleasant, Pleasant Plains, Park View",transit,50,2,16822.31458
"Columbia Heights, Mt. Pleasant, Pleasant Plains, Park View",transit,60,2,16822.31458
"Congress Heights, Bellevue, Washington Highlands",drive,10,2.09375,36962.29123
"Congress Heights, Bellevue, Washington Highlands",drive,20,4.1875,34015.80951
"Congress Heights, Bellevue, Washington Highlands",drive,30,6.28125,31304.20918
"Congress Heights, Bellevue, Washington Highlands",drive,40,8.375,28808.76648
"Congress Heights, Bellevue, Washington Highlands",drive,50,10.46875,26512.25019
"Congress Heights, Bellevue, Washington Highlands",drive,60,12.5625,24398.80273
"Congress Heights, Bellevue, Washington Highlands",bicycle,10,0.260273973,20847.596
"Congress Heights, Bellevue, Washington Highlands",bicycle,20,0.260273973,20847.596
"Congress Heights, Bellevue, Washington Highlands",bicycle,30,0.260273973,20847.596
"Congress Heights, Bellevue, Washington Highlands",bicycle,40,0.260273973,20847.596
"Congress Heights, Bellevue, Washington Highlands",bicycle,50,0.510273973,20641.82789
"Congress Heights, Bellevue, Washington Highlands",bicycle,60,1.010273973,20236.36449
"Congress Heights, Bellevue, Washington Highlands",walk,10,0,912
"Congress Heights, Bellevue, Washington Highlands",walk,20,0,912
"Congress Heights, Bellevue, Washington Highlands",walk,30,0,912
"Congress Heights, Bellevue, Washington Highlands",walk,40,0,912
"Congress Heights, Bellevue, Washington Highlands",walk,50,0,912
"Congress Heights, Bellevue, Washington Highlands",walk,60,0,912
"Congress Heights, Bellevue, Washington Highlands",transit,10,2,4881.826651
"Congress Heights, Bellevue, Washington Highlands",transit,20,2,4881.826651
"Congress Heights, Bellevue, Washington Highlands",transit,30,2,4881.826651
"Congress Heights, Bellevue, Washington Highlands",transit,40,2,4881.826651
"Congress Heights, Bellevue, Washington Highlands",transit,50,2,4881.826651
"Congress Heights, Bellevue, Washington Highlands",transit,60,2,4881.826651
"Deanwood, Burrville, Grant Park, Lincoln Heights, Fairmont Heights",drive,10,2.09375,32671.24106
"Deanwood, Burrville, Grant Park, Lincoln Heights, Fairmont Heights",drive,20,4.1875,26355.15154
"Deanwood, Burrville, Grant Park, Lincoln Heights, Fairmont Heights",drive,30,6.28125,21260.10491
"Deanwood, Burrville, Grant Park, Lincoln Heights, Fairmont Heights",drive,40,8.375,17150.04599
"Deanwood, Burrville, Grant Park, Lincoln Heights, Fairmont Heights",drive,50,10.46875,13834.55437
"Deanwood, Burrville, Grant Park, Lincoln Heights, Fairmont Heights",drive,60,12.5625,11160.02224
"Deanwood, Burrville, Grant Park, Lincoln Heights, Fairmont Heights",bicycle,10,0.260273973,24404.48098
"Deanwood, Burrville, Grant Park, Lincoln Heights, Fairmont Heights",bicycle,20,0.260273973,24404.48098
"Deanwood, Burrville, Grant Park, Lincoln Heights, Fairmont Heights",bicycle,30,0.260273973,24404.48098
"Deanwood, Burrville, Grant Park, Lincoln Heights, Fairmont Heights",bicycle,40,0.260273973,24404.48098
"Deanwood, Burrville, Grant Park, Lincoln Heights, Fairmont Heights",bicycle,50,0.510273973,23786.42989
"Deanwood, Burrville, Grant Park, Lincoln Heights, Fairmont Heights",bicycle,60,1.010273973,22596.88832
"Deanwood, Burrville, Grant Park, Lincoln Heights, Fairmont Heights",walk,10,0,1384
"Deanwood, Burrville, Grant Park, Lincoln Heights, Fairmont Heights",walk,20,0,1384
"Deanwood, Burrville, Grant Park, Lincoln Heights, Fairmont Heights",walk,30,0,1384
"Deanwood, Burrville, Grant Park, Lincoln Heights, Fairmont Heights",walk,40,0,1384
"Deanwood, Burrville, Grant Park, Lincoln Heights, Fairmont Heights",walk,50,0,1384
"Deanwood, Burrville, Grant Park, Lincoln Heights, Fairmont Heights",walk,60,0,1384
"Deanwood, Burrville, Grant Park, Lincoln Heights, Fairmont Heights",transit,10,2,4074.816026
"Deanwood, Burrville, Grant Park, Lincoln Heights, Fairmont Heights",transit,20,2,4074.816026
"Deanwood, Burrville, Grant Park, Lincoln Heights, Fairmont Heights",transit,30,2,4074.816026
"Deanwood, Burrville, Grant Park, Lincoln Heights, Fairmont Heights",transit,40,2,4074.816026
"Deanwood, Burrville, Grant Park, Lincoln Heights, Fairmont Heights",transit,50,2,4074.816026
"Deanwood, Burrville, Grant Park, Lincoln Heights, Fairmont Heights",transit,60,2,4074.816026
"Douglas, Shipley Terrace",drive,10,2.09375,34243.61295
"Douglas, Shipley Terrace",drive,20,4.1875,28481.8204
"Douglas, Shipley Terrace",drive,30,6.28125,23689.50072
"Douglas, Shipley Terrace",drive,40,8.375,19703.53145
"Douglas, Shipley Terrace",drive,50,10.46875,16388.23698
"Douglas, Shipley Terrace",drive,60,12.5625,13630.7703
"Douglas, Shipley Terrace",bicycle,10,0.260273973,25177.72291
"Douglas, Shipley Terrace",bicycle,20,0.260273973,25177.72291
"Douglas, Shipley Terrace",bicycle,30,0.260273973,25177.72291
"Douglas, Shipley Terrace",bicycle,40,0.260273973,25177.72291
"Douglas, Shipley Terrace",bicycle,50,0.510273973,24629.90846
"Douglas, Shipley Terrace",bicycle,60,1.010273973,23569.77808
"Douglas, Shipley Terrace",walk,10,0,1059
"Douglas, Shipley Terrace",walk,20,0,1059
"Douglas, Shipley Terrace",walk,30,0,1059
"Douglas, Shipley Terrace",walk,40,0,1059
"Douglas, Shipley Terrace",walk,50,0,1059
"Douglas, Shipley Terrace",walk,60,0,1059
"Douglas, Shipley Terrace",transit,10,2,13858.37317
"Douglas, Shipley Terrace",transit,20,2,13858.37317
"Douglas, Shipley Terrace",transit,30,2,13858.37317
"Douglas, Shipley Terrace",transit,40,2,13858.37317
"Douglas, Shipley Terrace",transit,50,2,13858.37317
"Douglas, Shipley Terrace",transit,60,2,13858.37317
"Downtown, Chinatown, Penn Quarters, Mount Vernon Square, North Capitol Street",drive,10,2.09375,24553.12752
"Downtown, Chinatown, Penn Quarters, Mount Vernon Square, North Capitol Street",drive,20,4.1875,11533.05921
"Downtown, Chinatown, Penn Quarters, Mount Vernon Square, North Capitol Street",drive,30,6.28125,5417.291736
"Downtown, Chinatown, Penn Quarters, Mount Vernon Square, North Capitol Street",drive,40,8.375,2544.602365
"Downtown, Chinatown, Penn Quarters, Mount Vernon Square, North Capitol Street",drive,50,10.46875,1195.246908
"Downtown, Chinatown, Penn Quarters, Mount Vernon Square, North Capitol Street",drive,60,12.5625,561.4296326
"Downtown, Chinatown, Penn Quarters, Mount Vernon Square, North Capitol Street",bicycle,10,0.260273973,41349.70465
"Downtown, Chinatown, Penn Quarters, Mount Vernon Square, North Capitol Street",bicycle,20,0.260273973,41349.70465
"Downtown, Chinatown, Penn Quarters, Mount Vernon Square, North Capitol Street",bicycle,30,0.260273973,41349.70465
"Downtown, Chinatown, Penn Quarters, Mount Vernon Square, North Capitol Street",bicycle,40,0.260273973,41349.70465
"Downtown, Chinatown, Penn Quarters, Mount Vernon Square, North Capitol Street",bicycle,50,0.510273973,37782.34017
"Downtown, Chinatown, Penn Quarters, Mount Vernon Square, North Capitol Street",bicycle,60,1.010273973,31544.36128
"Downtown, Chinatown, Penn Quarters, Mount Vernon Square, North Capitol Street",walk,10,0,12462
"Downtown, Chinatown, Penn Quarters, Mount Vernon Square, North Capitol Street",walk,20,0,12462
"Downtown, Chinatown, Penn Quarters, Mount Vernon Square, North Capitol Street",walk,30,0,12462
"Downtown, Chinatown, Penn Quarters, Mount Vernon Square, North Capitol Street",walk,40,0,12462
"Downtown, Chinatown, Penn Quarters, Mount Vernon Square, North Capitol Street",walk,50,0,12462
"Downtown, Chinatown, Penn Quarters, Mount Vernon Square, North Capitol Street",walk,60,0,12462
"Downtown, Chinatown, Penn Quarters, Mount Vernon Square, North Capitol Street",transit,10,2,18418.84565
"Downtown, Chinatown, Penn Quarters, Mount Vernon Square, North Capitol Street",transit,20,2,18418.84565
"Downtown, Chinatown, Penn Quarters, Mount Vernon Square, North Capitol Street",transit,30,2,18418.84565
"Downtown, Chinatown, Penn Quarters, Mount Vernon Square, North Capitol Street",transit,40,2,18418.84565
"Downtown, Chinatown, Penn Quarters, Mount Vernon Square, North Capitol Street",transit,50,2,18418.84565
"Downtown, Chinatown, Penn Quarters, Mount Vernon Square, North Capitol Street",transit,60,2,18418.84565
"Dupont Circle, Connecticut Avenue K Street",drive,10,2.09375,24209.92631
"Dupont Circle, Connecticut Avenue K Street",drive,20,4.1875,11400.4616
"Dupont Circle, Connecticut Avenue K Street",drive,30,6.28125,5368.480806
"Dupont Circle, Connecticut Avenue K Street",drive,40,8.375,2528.019231
"Dupont Circle, Connecticut Avenue K Street",drive,50,10.46875,1190.445018
"Dupont Circle, Connecticut Avenue K Street",drive,60,12.5625,560.5809181
"Dupont Circle, Connecticut Avenue K Street",bicycle,10,0.260273973,42144.85349
"Dupont Circle, Connecticut Avenue K Street",bicycle,20,0.260273973,42144.85349
"Dupont Circle, Connecticut Avenue K Street",bicycle,30,0.260273973,42144.85349
"Dupont Circle, Connecticut Avenue K Street",bicycle,40,0.260273973,42144.85349
"Dupont Circle, Connecticut Avenue K Street",bicycle,50,0.510273973,38520.44458
"Dupont Circle, Connecticut Avenue K Street",bicycle,60,1.010273973,32179.90635
"Dupont Circle, Connecticut Avenue K Street",walk,10,0,12697
"Dupont Circle, Connecticut Avenue K Street",walk,20,0,12697
"Dupont Circle, Connecticut Avenue K Street",walk,30,0,12697
"Dupont Circle, Connecticut Avenue K Street",walk,40,0,12697
"Dupont Circle, Connecticut Avenue K Street",walk,50,0,12697
"Dupont Circle, Connecticut Avenue K Street",walk,60,0,12697
"Dupont Circle, Connecticut Avenue K Street",transit,10,2,15051.8068
"Dupont Circle, Connecticut Avenue K Street",transit,20,2,15051.8068
"Dupont Circle, Connecticut Avenue K Street",transit,30,2,15051.8068
"Dupont Circle, Connecticut Avenue K Street",transit,40,2,15051.8068
"Dupont Circle, Connecticut Avenue K Street",transit,50,2,15051.8068
"Dupont Circle, Connecticut Avenue K Street",transit,60,2,15051.8068
"Eastland Gardens, Kenilworth",drive,10,2.09375,36957.89651
"Eastland Gardens, Kenilworth",drive,20,4.1875,33211.42107
"Eastland Gardens, Kenilworth",drive,30,6.28125,29844.73127
"Eastland Gardens, Kenilworth",drive,40,8.375,26819.32768
"Eastland Gardens, Kenilworth",drive,50,10.46875,24100.61364
"Eastland Gardens, Kenilworth",drive,60,12.5625,21657.49956
"Eastland Gardens, Kenilworth",bicycle,10,0.260273973,21095.83068
"Eastland Gardens, Kenilworth",bicycle,20,0.260273973,21095.83068
"Eastland Gardens, Kenilworth",bicycle,30,0.260273973,21095.83068
"Eastland Gardens, Kenilworth",bicycle,40,0.260273973,21095.83068
"Eastland Gardens, Kenilworth",bicycle,50,0.510273973,20828.30699
"Eastland Gardens, Kenilworth",bicycle,60,1.010273973,20303.39426
"Eastland Gardens, Kenilworth",walk,10,0,852
"Eastland Gardens, Kenilworth",walk,20,0,852
"Eastland Gardens, Kenilworth",walk,30,0,852
"Eastland Gardens, Kenilworth",walk,40,0,852
"Eastland Gardens, Kenilworth",walk,50,0,852
"Eastland Gardens, Kenilworth",walk,60,0,852
"Eastland Gardens, Kenilworth",transit,10,2,8525.55593
"Eastland Gardens, Kenilworth",transit,20,2,8525.55593
"Eastland Gardens, Kenilworth",transit,30,2,8525.55593
"Eastland Gardens, Kenilworth",transit,40,2,8525.55593
"Eastland Gardens, Kenilworth",transit,50,2,8525.55593
"Eastland Gardens, Kenilworth",transit,60,2,8525.55593
"Edgewood, Bloomingdale, Truxton Circle, Eckington",drive,10,2.09375,21928.04533
"Edgewood, Bloomingdale, Truxton Circle, Eckington",drive,20,4.1875,11062.67508
"Edgewood, Bloomingdale, Truxton Circle, Eckington",drive,30,6.28125,5581.107571
"Edgewood, Bloomingdale, Truxton Circle, Eckington",drive,40,8.375,2815.662713
"Edgewood, Bloomingdale, Truxton Circle, Eckington",drive,50,10.46875,1420.498783
"Edgewood, Bloomingdale, Truxton Circle, Eckington",drive,60,12.5625,716.6400947
"Edgewood, Bloomingdale, Truxton Circle, Eckington",bicycle,10,0.260273973,39008.1232
"Edgewood, Bloomingdale, Truxton Circle, Eckington",bicycle,20,0.260273973,39008.1232
"Edgewood, Bloomingdale, Truxton Circle, Eckington",bicycle,30,0.260273973,39008.1232
"Edgewood, Bloomingdale, Truxton Circle, Eckington",bicycle,40,0.260273973,39008.1232
"Edgewood, Bloomingdale, Truxton Circle, Eckington",bicycle,50,0.510273973,35948.07845
"Edgewood, Bloomingdale, Truxton Circle, Eckington",bicycle,60,1.010273973,30529.30595
"Edgewood, Bloomingdale, Truxton Circle, Eckington",walk,10,0,4130
"Edgewood, Bloomingdale, Truxton Circle, Eckington",walk,20,0,4130
"Edgewood, Bloomingdale, Truxton Circle, Eckington",walk,30,0,4130
"Edgewood, Bloomingdale, Truxton Circle, Eckington",walk,40,0,4130
"Edgewood, Bloomingdale, Truxton Circle, Eckington",walk,50,0,4130
"Edgewood, Bloomingdale, Truxton Circle, Eckington",walk,60,0,4130
"Edgewood, Bloomingdale, Truxton Circle, Eckington",transit,10,2,5630.055297
"Edgewood, Bloomingdale, Truxton Circle, Eckington",transit,20,2,5630.055297
"Edgewood, Bloomingdale, Truxton Circle, Eckington",transit,30,2,5630.055297
"Edgewood, Bloomingdale, Truxton Circle, Eckington",transit,40,2,5630.055297
"Edgewood, Bloomingdale, Truxton Circle, Eckington",transit,50,2,5630.055297
"Edgewood, Bloomingdale, Truxton Circle, Eckington",transit,60,2,5630.055297
"Fairfax Village, Naylor Gardens, Hillcrest, Summit Park",drive,10,2.09375,32008.89726
"Fairfax Village, Naylor Gardens, Hillcrest, Summit Park",drive,20,4.1875,24516.51082
"Fairfax Village, Naylor Gardens, Hillcrest, Summit Park",drive,30,6.28125,18777.88222
"Fairfax Village, Naylor Gardens, Hillcrest, Summit Park",drive,40,8.375,14382.50587
"Fairfax Village, Naylor Gardens, Hillcrest, Summit Park",drive,50,10.46875,11015.96403
"Fairfax Village, Naylor Gardens, Hillcrest, Summit Park",drive,60,12.5625,8437.435351
"Fairfax Village, Naylor Gardens, Hillcrest, Summit Park",bicycle,10,0.260273973,27741.95898
"Fairfax Village, Naylor Gardens, Hillcrest, Summit Park",bicycle,20,0.260273973,27741.95898
"Fairfax Village, Naylor Gardens, Hillcrest, Summit Park",bicycle,30,0.260273973,27741.95898
"Fairfax Village, Naylor Gardens, Hillcrest, Summit Park",bicycle,40,0.260273973,27741.95898
"Fairfax Village, Naylor Gardens, Hillcrest, Summit Park",bicycle,50,0.510273973,26872.54635
"Fairfax Village, Naylor Gardens, Hillcrest, Summit Park",bicycle,60,1.010273973,25214.60746
"Fairfax Village, Naylor Gardens, Hillcrest, Summit Park",walk,10,0,1314
"Fairfax Village, Naylor Gardens, Hillcrest, Summit Park",walk,20,0,1314
"Fairfax Village, Naylor Gardens, Hillcrest, Summit Park",walk,30,0,1314
"Fairfax Village, Naylor Gardens, Hillcrest, Summit Park",walk,40,0,1314
"Fairfax Village, Naylor Gardens, Hillcrest, Summit Park",walk,50,0,1314
"Fairfax Village, Naylor Gardens, Hillcrest, Summit Park",walk,60,0,1314
"Fairfax Village, Naylor Gardens, Hillcrest, Summit Park",transit,10,2,5191.033867
"Fairfax Village, Naylor Gardens, Hillcrest, Summit Park",transit,20,2,5191.033867
"Fairfax Village, Naylor Gardens, Hillcrest, Summit Park",transit,30,2,5191.033867
"Fairfax Village, Naylor Gardens, Hillcrest, Summit Park",transit,40,2,5191.033867
"Fairfax Village, Naylor Gardens, Hillcrest, Summit Park",transit,50,2,5191.033867
"Fairfax Village, Naylor Gardens, Hillcrest, Summit Park",transit,60,2,5191.033867
"Friendship Heights, American University Park, Tenleytown",drive,10,2.09375,9949.069975
"Friendship Heights, American University Park, Tenleytown",drive,20,4.1875,2460.268768
"Friendship Heights, American University Park, Tenleytown",drive,30,6.28125,608.3907771
"Friendship Heights, American University Park, Tenleytown",drive,40,8.375,150.4467083
"Friendship Heights, American University Park, Tenleytown",drive,50,10.46875,37.20341083
"Friendship Heights, American University Park, Tenleytown",drive,60,12.5625,9.199894058
"Friendship Heights, American University Park, Tenleytown",bicycle,10,0.260273973,28553.82368
"Friendship Heights, American University Park, Tenleytown",bicycle,20,0.260273973,28553.82368
"Friendship Heights, American University Park, Tenleytown",bicycle,30,0.260273973,28553.82368
"Friendship Heights, American University Park, Tenleytown",bicycle,40,0.260273973,28553.82368
"Friendship Heights, American University Park, Tenleytown",bicycle,50,0.510273973,24166.32157
"Friendship Heights, American University Park, Tenleytown",bicycle,60,1.010273973,17310.24058
"Friendship Heights, American University Park, Tenleytown",walk,10,0,2190
"Friendship Heights, American University Park, Tenleytown",walk,20,0,2190
"Friendship Heights, American University Park, Tenleytown",walk,30,0,2190
"Friendship Heights, American University Park, Tenleytown",walk,40,0,2190
"Friendship Heights, American University Park, Tenleytown",walk,50,0,2190
"Friendship Heights, American University Park, Tenleytown",walk,60,0,2190
"Friendship Heights, American University Park, Tenleytown",transit,10,2,5991.068807
"Friendship Heights, American University Park, Tenleytown",transit,20,2,5991.068807
"Friendship Heights, American University Park, Tenleytown",transit,30,2,5991.068807
"Friendship Heights, American University Park, Tenleytown",transit,40,2,5991.068807
"Friendship Heights, American University Park, Tenleytown",transit,50,2,5991.068807
"Friendship Heights, American University Park, Tenleytown",transit,60,2,5991.068807
"Georgetown, Burleith Hillandale",drive,10,2.09375,10153.30952
"Georgetown, Burleith Hillandale",drive,20,4.1875,2205.221492
"Georgetown, Burleith Hillandale",drive,30,6.28125,478.957311
"Georgetown, Burleith Hillandale",drive,40,8.375,104.0258798
"Georgetown, Burleith Hillandale",drive,50,10.46875,22.59362873
"Georgetown, Burleith Hillandale",drive,60,12.5625,4.907164065
"Georgetown, Burleith Hillandale",bicycle,10,0.260273973,34285.35645
"Georgetown, Burleith Hillandale",bicycle,20,0.260273973,34285.35645
"Georgetown, Burleith Hillandale",bicycle,30,0.260273973,34285.35645
"Georgetown, Burleith Hillandale",bicycle,40,0.260273973,34285.35645
"Georgetown, Burleith Hillandale",bicycle,50,0.510273973,28571.03239
"Georgetown, Burleith Hillandale",bicycle,60,1.010273973,19840.85863
"Georgetown, Burleith Hillandale",walk,10,0,5548
"Georgetown, Burleith Hillandale",walk,20,0,5548
"Georgetown, Burleith Hillandale",walk,30,0,5548
"Georgetown, Burleith Hillandale",walk,40,0,5548
"Georgetown, Burleith Hillandale",walk,50,0,5548
"Georgetown, Burleith Hillandale",walk,60,0,5548
"Georgetown, Burleith Hillandale",transit,10,2,2852.833867
"Georgetown, Burleith Hillandale",transit,20,2,2852.833867
"Georgetown, Burleith Hillandale",transit,30,2,2852.833867
"Georgetown, Burleith Hillandale",transit,40,2,2852.833867
"Georgetown, Burleith Hillandale",transit,50,2,2852.833867
"Georgetown, Burleith Hillandale",transit,60,2,2852.833867
"Hawthorne, Barnaby Woods, Chevy Chase",drive,10,2.09375,10920.17453
"Hawthorne, Barnaby Woods, Chevy Chase",drive,20,4.1875,2986.257278
"Hawthorne, Barnaby Woods, Chevy Chase",drive,30,6.28125,816.6291208
"Hawthorne, Barnaby Woods, Chevy Chase",drive,40,8.375,223.3173698
"Hawthorne, Barnaby Woods, Chevy Chase",drive,50,10.46875,61.0689068
"Hawthorne, Barnaby Woods, Chevy Chase",drive,60,12.5625,16.70005061
"Hawthorne, Barnaby Woods, Chevy Chase",bicycle,10,0.260273973,28090.15848
"Hawthorne, Barnaby Woods, Chevy Chase",bicycle,20,0.260273973,28090.15848
"Hawthorne, Barnaby Woods, Chevy Chase",bicycle,30,0.260273973,28090.15848
"Hawthorne, Barnaby Woods, Chevy Chase",bicycle,40,0.260273973,28090.15848
"Hawthorne, Barnaby Woods, Chevy Chase",bicycle,50,0.510273973,24061.24454
"Hawthorne, Barnaby Woods, Chevy Chase",bicycle,60,1.010273973,17654.11218
"Hawthorne, Barnaby Woods, Chevy Chase",walk,10,0,1077
"Hawthorne, Barnaby Woods, Chevy Chase",walk,20,0,1077
"Hawthorne, Barnaby Woods, Chevy Chase",walk,30,0,1077
"Hawthorne, Barnaby Woods, Chevy Chase",walk,40,0,1077
"Hawthorne, Barnaby Woods, Chevy Chase",walk,50,0,1077
"Hawthorne, Barnaby Woods, Chevy Chase",walk,60,0,1077
"Hawthorne, Barnaby Woods, Chevy Chase",transit,10,2,425.7287462
"Hawthorne, Barnaby Woods, Chevy Chase",transit,20,2,425.7287462
"Hawthorne, Barnaby Woods, Chevy Chase",transit,30,2,425.7287462
"Hawthorne, Barnaby Woods, Chevy Chase",transit,40,2,425.7287462
"Hawthorne, Barnaby Woods, Chevy Chase",transit,50,2,425.7287462
"Hawthorne, Barnaby Woods, Chevy Chase",transit,60,2,425.7287462
Historic Anacostia,drive,10,2.09375,43128
Historic Anacostia,drive,20,4.1875,43128
Historic Anacostia,drive,30,6.28125,43128
Historic Anacostia,drive,40,8.375,43128
Historic Anacostia,drive,50,10.46875,43128
Historic Anacostia,drive,60,12.5625,43128
Historic Anacostia,bicycle,10,0.260273973,30591
Historic Anacostia,bicycle,20,0.260273973,30591
Historic Anacostia,bicycle,30,0.260273973,30591
Historic Anacostia,bicycle,40,0.260273973,30591
Historic Anacostia,bicycle,50,0.510273973,30591
Historic Anacostia,bicycle,60,1.010273973,30591
Historic Anacostia,walk,10,0,2024
Historic Anacostia,walk,20,0,2024
Historic Anacostia,walk,30,0,2024
Historic Anacostia,walk,40,0,2024
Historic Anacostia,walk,50,0,2024
Historic Anacostia,walk,60,0,2024
Historic Anacostia,transit,10,2,12861
Historic Anacostia,transit,20,2,12861
Historic Anacostia,transit,30,2,12861
Historic Anacostia,transit,40,2,12861
Historic Anacostia,transit,50,2,12861
Historic Anacostia,transit,60,2,12861
"Howard University, Le Droit Park, Cardozo Shaw",drive,10,2.09375,19365.96165
"Howard University, Le Droit Park, Cardozo Shaw",drive,20,4.1875,7736.142879
"Howard University, Le Droit Park, Cardozo Shaw",drive,30,6.28125,3090.365856
"Howard University, Le Droit Park, Cardozo Shaw",drive,40,8.375,1234.511988
"Howard University, Le Droit Park, Cardozo Shaw",drive,50,10.46875,493.1519175
"Howard University, Le Droit Park, Cardozo Shaw",drive,60,12.5625,196.9999613
"Howard University, Le Droit Park, Cardozo Shaw",bicycle,10,0.260273973,40854.5844
"Howard University, Le Droit Park, Cardozo Shaw",bicycle,20,0.260273973,40854.5844
"Howard University, Le Droit Park, Cardozo Shaw",bicycle,30,0.260273973,40854.5844
"Howard University, Le Droit Park, Cardozo Shaw",bicycle,40,0.260273973,40854.5844
"Howard University, Le Droit Park, Cardozo Shaw",bicycle,50,0.510273973,36614.82526
"Howard University, Le Droit Park, Cardozo Shaw",bicycle,60,1.010273973,29409.61259
"Howard University, Le Droit Park, Cardozo Shaw",walk,10,0,10150
"Howard University, Le Droit Park, Cardozo Shaw",walk,20,0,10150
"Howard University, Le Droit Park, Cardozo Shaw",walk,30,0,10150
"Howard University, Le Droit Park, Cardozo Shaw",walk,40,0,10150
"Howard University, Le Droit Park, Cardozo Shaw",walk,50,0,10150
"Howard University, Le Droit Park, Cardozo Shaw",walk,60,0,10150
"Howard University, Le Droit Park, Cardozo Shaw",transit,10,2,10985.45651
"Howard University, Le Droit Park, Cardozo Shaw",transit,20,2,10985.45651
"Howard University, Le Droit Park, Cardozo Shaw",transit,30,2,10985.45651
"Howard University, Le Droit Park, Cardozo Shaw",transit,40,2,10985.45651
"Howard University, Le Droit Park, Cardozo Shaw",transit,50,2,10985.45651
"Howard University, Le Droit Park, Cardozo Shaw",transit,60,2,10985.45651
"Ivy City, Arboretum, Trinidad, Carver Langston",drive,10,2.09375,35869.28646
"Ivy City, Arboretum, Trinidad, Carver Langston",drive,20,4.1875,28321.86561
"Ivy City, Arboretum, Trinidad, Carver Langston",drive,30,6.28125,22362.53215
"Ivy City, Arboretum, Trinidad, Carver Langston",drive,40,8.375,17657.12934
"Ivy City, Arboretum, Trinidad, Carver Langston",drive,50,10.46875,13941.81189
"Ivy City, Arboretum, Trinidad, Carver Langston",drive,60,12.5625,11008.25139
"Ivy City, Arboretum, Trinidad, Carver Langston",bicycle,10,0.260273973,39363.82515
"Ivy City, Arboretum, Trinidad, Carver Langston",bicycle,20,0.260273973,39363.82515
"Ivy City, Arboretum, Trinidad, Carver Langston",bicycle,30,0.260273973,39363.82515
"Ivy City, Arboretum, Trinidad, Carver Langston",bicycle,40,0.260273973,39363.82515
"Ivy City, Arboretum, Trinidad, Carver Langston",bicycle,50,0.510273973,38268.94085
"Ivy City, Arboretum, Trinidad, Carver Langston",bicycle,60,1.010273973,36169.68613
"Ivy City, Arboretum, Trinidad, Carver Langston",walk,10,0,4043
"Ivy City, Arboretum, Trinidad, Carver Langston",walk,20,0,4043
"Ivy City, Arboretum, Trinidad, Carver Langston",walk,30,0,4043
"Ivy City, Arboretum, Trinidad, Carver Langston",walk,40,0,4043
"Ivy City, Arboretum, Trinidad, Carver Langston",walk,50,0,4043
"Ivy City, Arboretum, Trinidad, Carver Langston",walk,60,0,4043
"Ivy City, Arboretum, Trinidad, Carver Langston",transit,10,2,8611.823616
"Ivy City, Arboretum, Trinidad, Carver Langston",transit,20,2,8611.823616
"Ivy City, Arboretum, Trinidad, Carver Langston",transit,30,2,8611.823616
"Ivy City, Arboretum, Trinidad, Carver Langston",transit,40,2,8611.823616
"Ivy City, Arboretum, Trinidad, Carver Langston",transit,50,2,8611.823616
"Ivy City, Arboretum, Trinidad, Carver Langston",transit,60,2,8611.823616
Joint Base Anacostia Bolling,drive,10,2.09375,26590.90269
Joint Base Anacostia Bolling,drive,20,4.1875,17757.70018
Joint Base Anacostia Bolling,drive,30,6.28125,11858.78943
Joint Base Anacostia Bolling,drive,40,8.375,7919.431308
Joint Base Anacostia Bolling,drive,50,10.46875,5288.684195
Joint Base Anacostia Bolling,drive,60,12.5625,3531.842051
Joint Base Anacostia Bolling,bicycle,10,0.260273973,19828.41184
Joint Base Anacostia Bolling,bicycle,20,0.260273973,19828.41184
Joint Base Anacostia Bolling,bicycle,30,0.260273973,19828.41184
Joint Base Anacostia Bolling,bicycle,40,0.260273973,19828.41184
Joint Base Anacostia Bolling,bicycle,50,0.510273973,18895.18079
Joint Base Anacostia Bolling,bicycle,60,1.010273973,17158.41998
Joint Base Anacostia Bolling,walk,10,0,365
Joint Base Anacostia Bolling,walk,20,0,365
Joint Base Anacostia Bolling,walk,30,0,365
Joint Base Anacostia Bolling,walk,40,0,365
Joint Base Anacostia Bolling,walk,50,0,365
Joint Base Anacostia Bolling,walk,60,0,365
Joint Base Anacostia Bolling,transit,10,2,195.1582274
Joint Base Anacostia Bolling,transit,20,2,195.1582274
Joint Base Anacostia Bolling,transit,30,2,195.1582274
Joint Base Anacostia Bolling,transit,40,2,195.1582274
Joint Base Anacostia Bolling,transit,50,2,195.1582274
Joint Base Anacostia Bolling,transit,60,2,195.1582274
"Kalorama Heights, Adams Morgan, Lanier Heights",drive,10,2.09375,17352.23051
"Kalorama Heights, Adams Morgan, Lanier Heights",drive,20,4.1875,6151.801074
"Kalorama Heights, Adams Morgan, Lanier Heights",drive,30,6.28125,2180.967826
"Kalorama Heights, Adams Morgan, Lanier Heights",drive,40,8.375,773.2078138
"Kalorama Heights, Adams Morgan, Lanier Heights",drive,50,10.46875,274.1215694
"Kalorama Heights, Adams Morgan, Lanier Heights",drive,60,12.5625,97.18297393
"Kalorama Heights, Adams Morgan, Lanier Heights",bicycle,10,0.260273973,39441.49299
"Kalorama Heights, Adams Morgan, Lanier Heights",bicycle,20,0.260273973,39441.49299
"Kalorama Heights, Adams Morgan, Lanier Heights",bicycle,30,0.260273973,39441.49299
"Kalorama Heights, Adams Morgan, Lanier Heights",bicycle,40,0.260273973,39441.49299
"Kalorama Heights, Adams Morgan, Lanier Heights",bicycle,50,0.510273973,34848.15988
"Kalorama Heights, Adams Morgan, Lanier Heights",bicycle,60,1.010273973,27204.00585
"Kalorama Heights, Adams Morgan, Lanier Heights",walk,10,0,10072
"Kalorama Heights, Adams Morgan, Lanier Heights",walk,20,0,10072
"Kalorama Heights, Adams Morgan, Lanier Heights",walk,30,0,10072
"Kalorama Heights, Adams Morgan, Lanier Heights",walk,40,0,10072
"Kalorama Heights, Adams Morgan, Lanier Heights",walk,50,0,10072
"Kalorama Heights, Adams Morgan, Lanier Heights",walk,60,0,10072
"Kalorama Heights, Adams Morgan, Lanier Heights",transit,10,2,8557.581738
"Kalorama Heights, Adams Morgan, Lanier Heights",transit,20,2,8557.581738
"Kalorama Heights, Adams Morgan, Lanier Heights",transit,30,2,8557.581738
"Kalorama Heights, Adams Morgan, Lanier Heights",transit,40,2,8557.581738
"Kalorama Heights, Adams Morgan, Lanier Heights",transit,50,2,8557.581738
"Kalorama Heights, Adams Morgan, Lanier Heights",transit,60,2,8557.581738
"Lamont Riggs, Queens Chapel, Fort Totten, Pleasant Hill",drive,10,2.09375,30021.61947
"Lamont Riggs, Queens Chapel, Fort Totten, Pleasant Hill",drive,20,4.1875,20736.64724
"Lamont Riggs, Queens Chapel, Fort Totten, Pleasant Hill",drive,30,6.28125,14323.29589
"Lamont Riggs, Queens Chapel, Fort Totten, Pleasant Hill",drive,40,8.375,9893.441441
"Lamont Riggs, Queens Chapel, Fort Totten, Pleasant Hill",drive,50,10.46875,6833.635519
"Lamont Riggs, Queens Chapel, Fort Totten, Pleasant Hill",drive,60,12.5625,4720.154729
"Lamont Riggs, Queens Chapel, Fort Totten, Pleasant Hill",bicycle,10,0.260273973,34265.11276
"Lamont Riggs, Queens Chapel, Fort Totten, Pleasant Hill",bicycle,20,0.260273973,34265.11276
"Lamont Riggs, Queens Chapel, Fort Totten, Pleasant Hill",bicycle,30,0.260273973,34265.11276
"Lamont Riggs, Queens Chapel, Fort Totten, Pleasant Hill",bicycle,40,0.260273973,34265.11276
"Lamont Riggs, Queens Chapel, Fort Totten, Pleasant Hill",bicycle,50,0.510273973,32784.20328
"Lamont Riggs, Queens Chapel, Fort Totten, Pleasant Hill",bicycle,60,1.010273973,30011.62913
"Lamont Riggs, Queens Chapel, Fort Totten, Pleasant Hill",walk,10,0,2509
"Lamont Riggs, Queens Chapel, Fort Totten, Pleasant Hill",walk,20,0,2509
"Lamont Riggs, Queens Chapel, Fort Totten, Pleasant Hill",walk,30,0,2509
"Lamont Riggs, Queens Chapel, Fort Totten, Pleasant Hill",walk,40,0,2509
"Lamont Riggs, Queens Chapel, Fort Totten, Pleasant Hill",walk,50,0,2509
"Lamont Riggs, Queens Chapel, Fort Totten, Pleasant Hill",walk,60,0,2509
"Lamont Riggs, Queens Chapel, Fort Totten, Pleasant Hill",transit,10,2,16005.27459
"Lamont Riggs, Queens Chapel, Fort Totten, Pleasant Hill",transit,20,2,16005.27459
"Lamont Riggs, Queens Chapel, Fort Totten, Pleasant Hill",transit,30,2,16005.27459
"Lamont Riggs, Queens Chapel, Fort Totten, Pleasant Hill",transit,40,2,16005.27459
"Lamont Riggs, Queens Chapel, Fort Totten, Pleasant Hill",transit,50,2,16005.27459
"Lamont Riggs, Queens Chapel, Fort Totten, Pleasant Hill",transit,60,2,16005.27459
"Mayfair, Hillbrook, Mahaning Heights",drive,10,2.09375,38950.36081
"Mayfair, Hillbrook, Mahaning Heights",drive,20,4.1875,34409.07685
"Mayfair, Hillbrook, Mahaning Heights",drive,30,6.28125,30397.26834
"Mayfair, Hillbrook, Mahaning Heights",drive,40,8.375,26853.20292
"Mayfair, Hillbrook, Mahaning Heights",drive,50,10.46875,23722.34566
"Mayfair, Hillbrook, Mahaning Heights",drive,60,12.5625,20956.51999
"Mayfair, Hillbrook, Mahaning Heights",bicycle,10,0.260273973,27710.65996
"Mayfair, Hillbrook, Mahaning Heights",bicycle,20,0.260273973,27710.65996
"Mayfair, Hillbrook, Mahaning Heights",bicycle,30,0.260273973,27710.65996
"Mayfair, Hillbrook, Mahaning Heights",bicycle,40,0.260273973,27710.65996
"Mayfair, Hillbrook, Mahaning Heights",bicycle,50,0.510273973,27303.50462
"Mayfair, Hillbrook, Mahaning Heights",bicycle,60,1.010273973,26507.05317
"Mayfair, Hillbrook, Mahaning Heights",walk,10,0,1486
"Mayfair, Hillbrook, Mahaning Heights",walk,20,0,1486
"Mayfair, Hillbrook, Mahaning Heights",walk,30,0,1486
"Mayfair, Hillbrook, Mahaning Heights",walk,40,0,1486
"Mayfair, Hillbrook, Mahaning Heights",walk,50,0,1486
"Mayfair, Hillbrook, Mahaning Heights",walk,60,0,1486
"Mayfair, Hillbrook, Mahaning Heights",transit,10,2,15599.88715
"Mayfair, Hillbrook, Mahaning Heights",transit,20,2,15599.88715
"Mayfair, Hillbrook, Mahaning Heights",transit,30,2,15599.88715
"Mayfair, Hillbrook, Mahaning Heights",transit,40,2,15599.88715
"Mayfair, Hillbrook, Mahaning Heights",transit,50,2,15599.88715
"Mayfair, Hillbrook, Mahaning Heights",transit,60,2,15599.88715
"National Mall, Potomac River",drive,10,2.09375,
"National Mall, Potomac River",drive,20,4.1875,
"National Mall, Potomac River",drive,30,6.28125,
"National Mall, Potomac River",drive,40,8.375,
"National Mall, Potomac River",drive,50,10.46875,
"National Mall, Potomac River",drive,60,12.5625,
"National Mall, Potomac River",bicycle,10,0.260273973,
"National Mall, Potomac River",bicycle,20,0.260273973,
"National Mall, Potomac River",bicycle,30,0.260273973,
"National Mall, Potomac River",bicycle,40,0.260273973,
"National Mall, Potomac River",bicycle,50,0.510273973,
"National Mall, Potomac River",bicycle,60,1.010273973,
"National Mall, Potomac River",walk,10,0,
"National Mall, Potomac River",walk,20,0,
"National Mall, Potomac River",walk,30,0,
"National Mall, Potomac River",walk,40,0,
"National Mall, Potomac River",walk,50,0,
"National Mall, Potomac River",walk,60,0,
"National Mall, Potomac River",transit,10,2,
"National Mall, Potomac River",transit,20,2,
"National Mall, Potomac River",transit,30,2,
"National Mall, Potomac River",transit,40,2,
"National Mall, Potomac River",transit,50,2,
"National Mall, Potomac River",transit,60,2,
"Near Southeast, Navy Yard",drive,10,2.09375,16417.21919
"Near Southeast, Navy Yard",drive,20,4.1875,5983.46289
"Near Southeast, Navy Yard",drive,30,6.28125,2180.748624
"Near Southeast, Navy Yard",drive,40,8.375,794.80138
"Near Southeast, Navy Yard",drive,50,10.46875,289.6754016
"Near Southeast, Navy Yard",drive,60,12.5625,105.5758589
"Near Southeast, Navy Yard",bicycle,10,0.260273973,31517.6824
"Near Southeast, Navy Yard",bicycle,20,0.260273973,31517.6824
"Near Southeast, Navy Yard",bicycle,30,0.260273973,31517.6824
"Near Southeast, Navy Yard",bicycle,40,0.260273973,31517.6824
"Near Southeast, Navy Yard",bicycle,50,0.510273973,27939.22372
"Near Southeast, Navy Yard",bicycle,60,1.010273973,21955.05128
"Near Southeast, Navy Yard",walk,10,0,3869
"Near Southeast, Navy Yard",walk,20,0,3869
"Near Southeast, Navy Yard",walk,30,0,3869
"Near Southeast, Navy Yard",walk,40,0,3869
"Near Southeast, Navy Yard",walk,50,0,3869
"Near Southeast, Navy Yard",walk,60,0,3869
"Near Southeast, Navy Yard",transit,10,2,7841.681457
"Near Southeast, Navy Yard",transit,20,2,7841.681457
"Near Southeast, Navy Yard",transit,30,2,7841.681457
"Near Southeast, Navy Yard",transit,40,2,7841.681457
"Near Southeast, Navy Yard",transit,50,2,7841.681457
"Near Southeast, Navy Yard",transit,60,2,7841.681457
"North Cleveland Park, Forest Hills, Van Ness",drive,10,2.09375,17812.58634
"North Cleveland Park, Forest Hills, Van Ness",drive,20,4.1875,7596.261156
"North Cleveland Park, Forest Hills, Van Ness",drive,30,6.28125,3239.461268
"North Cleveland Park, Forest Hills, Van Ness",drive,40,8.375,1381.483482
"North Cleveland Park, Forest Hills, Van Ness",drive,50,10.46875,589.140123
"North Cleveland Park, Forest Hills, Van Ness",drive,60,12.5625,251.2415741
"North Cleveland Park, Forest Hills, Van Ness",bicycle,10,0.260273973,33669.18073
"North Cleveland Park, Forest Hills, Van Ness",bicycle,20,0.260273973,33669.18073
"North Cleveland Park, Forest Hills, Van Ness",bicycle,30,0.260273973,33669.18073
"North Cleveland Park, Forest Hills, Van Ness",bicycle,40,0.260273973,33669.18073
"North Cleveland Park, Forest Hills, Van Ness",bicycle,50,0.510273973,30411.52992
"North Cleveland Park, Forest Hills, Van Ness",bicycle,60,1.010273973,24811.31079
"North Cleveland Park, Forest Hills, Van Ness",walk,10,0,1922
"North Cleveland Park, Forest Hills, Van Ness",walk,20,0,1922
"North Cleveland Park, Forest Hills, Van Ness",walk,30,0,1922
"North Cleveland Park, Forest Hills, Van Ness",walk,40,0,1922
"North Cleveland Park, Forest Hills, Van Ness",walk,50,0,1922
"North Cleveland Park, Forest Hills, Van Ness",walk,60,0,1922
"North Cleveland Park, Forest Hills, Van Ness",transit,10,2,8731.932084
"North Cleveland Park, Forest Hills, Van Ness",transit,20,2,8731.932084
"North Cleveland Park, Forest Hills, Van Ness",transit,30,2,8731.932084
"North Cleveland Park, Forest Hills, Van Ness",transit,40,2,8731.932084
"North Cleveland Park, Forest Hills, Van Ness",transit,50,2,8731.932084
"North Cleveland Park, Forest Hills, Van Ness",transit,60,2,8731.932084
"North Michigan Park, Michigan Park, University Heights",drive,10,2.09375,21566.30781
"North Michigan Park, Michigan Park, University Heights",drive,20,4.1875,10940.57284
"North Michigan Park, Michigan Park, University Heights",drive,30,6.28125,5550.144936
"North Michigan Park, Michigan Park, University Heights",drive,40,8.375,2815.584637
"North Michigan Park, Michigan Park, University Heights",drive,50,10.46875,1428.344113
"North Michigan Park, Michigan Park, University Heights",drive,60,12.5625,724.5979679
"North Michigan Park, Michigan Park, University Heights",bicycle,10,0.260273973,33712.48297
"North Michigan Park, Michigan Park, University Heights",bicycle,20,0.260273973,33712.48297
"North Michigan Park, Michigan Park, University Heights",bicycle,30,0.260273973,33712.48297
"North Michigan Park, Michigan Park, University Heights",bicycle,40,0.260273973,33712.48297
"North Michigan Park, Michigan Park, University Heights",bicycle,50,0.510273973,31088.40301
"North Michigan Park, Michigan Park, University Heights",bicycle,60,1.010273973,26437.0967
"North Michigan Park, Michigan Park, University Heights",walk,10,0,1887
"North Michigan Park, Michigan Park, University Heights",walk,20,0,1887
"North Michigan Park, Michigan Park, University Heights",walk,30,0,1887
"North Michigan Park, Michigan Park, University Heights",walk,40,0,1887
"North Michigan Park, Michigan Park, University Heights",walk,50,0,1887
"North Michigan Park, Michigan Park, University Heights",walk,60,0,1887
"North Michigan Park, Michigan Park, University Heights",transit,10,2,7185.876098
"North Michigan Park, Michigan Park, University Heights",transit,20,2,7185.876098
"North Michigan Park, Michigan Park, University Heights",transit,30,2,7185.876098
"North Michigan Park, Michigan Park, University Heights",transit,40,2,7185.876098
"North Michigan Park, Michigan Park, University Heights",transit,50,2,7185.876098
"North Michigan Park, Michigan Park, University Heights",transit,60,2,7185.876098
Observatory Circle,drive,10,2.09375,13857.885
Observatory Circle,drive,20,4.1875,4487.987301
Observatory Circle,drive,30,6.28125,1453.470715
Observatory Circle,drive,40,8.375,470.7181588
Observatory Circle,drive,50,10.46875,152.4458544
Observatory Circle,drive,60,12.5625,49.37081373
Observatory Circle,bicycle,10,0.260273973,34386.54107
Observatory Circle,bicycle,20,0.260273973,34386.54107
Observatory Circle,bicycle,30,0.260273973,34386.54107
Observatory Circle,bicycle,40,0.260273973,34386.54107
Observatory Circle,bicycle,50,0.510273973,30055.45992
Observatory Circle,bicycle,60,1.010273973,22961.12428
Observatory Circle,walk,10,0,3305
Observatory Circle,walk,20,0,3305
Observatory Circle,walk,30,0,3305
Observatory Circle,walk,40,0,3305
Observatory Circle,walk,50,0,3305
Observatory Circle,walk,60,0,3305
Observatory Circle,transit,10,2,3999.982997
Observatory Circle,transit,20,2,3999.982997
Observatory Circle,transit,30,2,3999.982997
Observatory Circle,transit,40,2,3999.982997
Observatory Circle,transit,50,2,3999.982997
Observatory Circle,transit,60,2,3999.982997
"River Terrace, Benning, Greenway, Dupont Park",drive,10,2.09375,33191.34304
"River Terrace, Benning, Greenway, Dupont Park",drive,20,4.1875,26174.65972
"River Terrace, Benning, Greenway, Dupont Park",drive,30,6.28125,20641.31031
"River Terrace, Benning, Greenway, Dupont Park",drive,40,8.375,16277.71654
"River Terrace, Benning, Greenway, Dupont Park",drive,50,10.46875,12836.59088
"River Terrace, Benning, Greenway, Dupont Park",drive,60,12.5625,10122.92265
"River Terrace, Benning, Greenway, Dupont Park",bicycle,10,0.260273973,27070.86442
"River Terrace, Benning, Greenway, Dupont Park",bicycle,20,0.260273973,27070.86442
"River Terrace, Benning, Greenway, Dupont Park",bicycle,30,0.260273973,27070.86442
"River Terrace, Benning, Greenway, Dupont Park",bicycle,40,0.260273973,27070.86442
"River Terrace, Benning, Greenway, Dupont Park",bicycle,50,0.510273973,26313.97443
"River Terrace, Benning, Greenway, Dupont Park",bicycle,60,1.010273973,24863.08975
"River Terrace, Benning, Greenway, Dupont Park",walk,10,0,1267
"River Terrace, Benning, Greenway, Dupont Park",walk,20,0,1267
"River Terrace, Benning, Greenway, Dupont Park",walk,30,0,1267
"River Terrace, Benning, Greenway, Dupont Park",walk,40,0,1267
"River Terrace, Benning, Greenway, Dupont Park",walk,50,0,1267
"River Terrace, Benning, Greenway, Dupont Park",walk,60,0,1267
"River Terrace, Benning, Greenway, Dupont Park",transit,10,2,2971.32735
"River Terrace, Benning, Greenway, Dupont Park",transit,20,2,2971.32735
"River Terrace, Benning, Greenway, Dupont Park",transit,30,2,2971.32735
"River Terrace, Benning, Greenway, Dupont Park",transit,40,2,2971.32735
"River Terrace, Benning, Greenway, Dupont Park",transit,50,2,2971.32735
"River Terrace, Benning, Greenway, Dupont Park",transit,60,2,2971.32735
Rock Creek Park,drive,10,2.09375,22845.12023
Rock Creek Park,drive,20,4.1875,12594.40426
Rock Creek Park,drive,30,6.28125,6943.23414
Rock Creek Park,drive,40,8.375,3827.771392
Rock Creek Park,drive,50,10.46875,2110.23185
Rock Creek Park,drive,60,12.5625,1163.36061
Rock Creek Park,bicycle,10,0.260273973,28090.69605
Rock Creek Park,bicycle,20,0.260273973,28090.69605
Rock Creek Park,bicycle,30,0.260273973,28090.69605
Rock Creek Park,bicycle,40,0.260273973,28090.69605
Rock Creek Park,bicycle,50,0.510273973,26162.72642
Rock Creek Park,bicycle,60,1.010273973,22694.6766
Rock Creek Park,walk,10,0,996
Rock Creek Park,walk,20,0,996
Rock Creek Park,walk,30,0,996
Rock Creek Park,walk,40,0,996
Rock Creek Park,walk,50,0,996
Rock Creek Park,walk,60,0,996
Rock Creek Park,transit,10,2,448.4243381
Rock Creek Park,transit,20,2,448.4243381
Rock Creek Park,transit,30,2,448.4243381
Rock Creek Park,transit,40,2,448.4243381
Rock Creek Park,transit,50,2,448.4243381
Rock Creek Park,transit,60,2,448.4243381
Saint Elizabeths,drive,10,2.09375,37637.21424
Saint Elizabeths,drive,20,4.1875,33806.49839
Saint Elizabeths,drive,30,6.28125,30365.67282
Saint Elizabeths,drive,40,8.375,27275.0545
Saint Elizabeths,drive,50,10.46875,24498.99932
Saint Elizabeths,drive,60,12.5625,22005.49105
Saint Elizabeths,bicycle,10,0.260273973,28345.24166
Saint Elizabeths,bicycle,20,0.260273973,28345.24166
Saint Elizabeths,bicycle,30,0.260273973,28345.24166
Saint Elizabeths,bicycle,40,0.260273973,28345.24166
Saint Elizabeths,bicycle,50,0.510273973,27984.26607
Saint Elizabeths,bicycle,60,1.010273973,27276.04738
Saint Elizabeths,walk,10,0,1138
Saint Elizabeths,walk,20,0,1138
Saint Elizabeths,walk,30,0,1138
Saint Elizabeths,walk,40,0,1138
Saint Elizabeths,walk,50,0,1138
Saint Elizabeths,walk,60,0,1138
Saint Elizabeths,transit,10,2,10017.37452
Saint Elizabeths,transit,20,2,10017.37452
Saint Elizabeths,transit,30,2,10017.37452
Saint Elizabeths,transit,40,2,10017.37452
Saint Elizabeths,transit,50,2,10017.37452
Saint Elizabeths,transit,60,2,10017.37452
"Shaw, Logan Circle",drive,10,2.09375,21730.32195
"Shaw, Logan Circle",drive,20,4.1875,9023.463954
"Shaw, Logan Circle",drive,30,6.28125,3746.971716
"Shaw, Logan Circle",drive,40,8.375,1555.920998
"Shaw, Logan Circle",drive,50,10.46875,646.0924541
"Shaw, Logan Circle",drive,60,12.5625,268.2883384
"Shaw, Logan Circle",bicycle,10,0.260273973,42591.96379
"Shaw, Logan Circle",bicycle,20,0.260273973,42591.96379
"Shaw, Logan Circle",bicycle,30,0.260273973,42591.96379
"Shaw, Logan Circle",bicycle,40,0.260273973,42591.96379
"Shaw, Logan Circle",bicycle,50,0.510273973,38348.85452
"Shaw, Logan Circle",bicycle,60,1.010273973,31088.64969
"Shaw, Logan Circle",walk,10,0,13137
"Shaw, Logan Circle",walk,20,0,13137
"Shaw, Logan Circle",walk,30,0,13137
"Shaw, Logan Circle",walk,40,0,13137
"Shaw, Logan Circle",walk,50,0,13137
"Shaw, Logan Circle",walk,60,0,13137
"Shaw, Logan Circle",transit,10,2,10758.12806
"Shaw, Logan Circle",transit,20,2,10758.12806
"Shaw, Logan Circle",transit,30,2,10758.12806
"Shaw, Logan Circle",transit,40,2,10758.12806
"Shaw, Logan Circle",transit,50,2,10758.12806
"Shaw, Logan Circle",transit,60,2,10758.12806
"Sheridan, Barry Farm, Buena Vista",drive,10,2.09375,42256.20702
"Sheridan, Barry Farm, Buena Vista",drive,20,4.1875,41673.56015
"Sheridan, Barry Farm, Buena Vista",drive,30,6.28125,41098.94707
"Sheridan, Barry Farm, Buena Vista",drive,40,8.375,40532.257
"Sheridan, Barry Farm, Buena Vista",drive,50,10.46875,39973.3807
"Sheridan, Barry Farm, Buena Vista",drive,60,12.5625,39422.21043
"Sheridan, Barry Farm, Buena Vista",bicycle,10,0.260273973,28911.0574
"Sheridan, Barry Farm, Buena Vista",bicycle,20,0.260273973,28911.0574
"Sheridan, Barry Farm, Buena Vista",bicycle,30,0.260273973,28911.0574
"Sheridan, Barry Farm, Buena Vista",bicycle,40,0.260273973,28911.0574
"Sheridan, Barry Farm, Buena Vista",bicycle,50,0.510273973,28863.16732
"Sheridan, Barry Farm, Buena Vista",bicycle,60,1.010273973,28767.62501
"Sheridan, Barry Farm, Buena Vista",walk,10,0,1923
"Sheridan, Barry Farm, Buena Vista",walk,20,0,1923
"Sheridan, Barry Farm, Buena Vista",walk,30,0,1923
"Sheridan, Barry Farm, Buena Vista",walk,40,0,1923
"Sheridan, Barry Farm, Buena Vista",walk,50,0,1923
"Sheridan, Barry Farm, Buena Vista",walk,60,0,1923
"Sheridan, Barry Farm, Buena Vista",transit,10,2,20972.98905
"Sheridan, Barry Farm, Buena Vista",transit,20,2,20972.98905
"Sheridan, Barry Farm, Buena Vista",transit,30,2,20972.98905
"Sheridan, Barry Farm, Buena Vista",transit,40,2,20972.98905
"Sheridan, Barry Farm, Buena Vista",transit,50,2,20972.98905
"Sheridan, Barry Farm, Buena Vista",transit,60,2,20972.98905
"Southwest Employment Area, Southwest Waterfront, Fort McNair, Buzzard Point",drive,10,2.09375,28782.37427
"Southwest Employment Area, Southwest Waterfront, Fort McNair, Buzzard Point",drive,20,4.1875,17142.42993
"Southwest Employment Area, Southwest Waterfront, Fort McNair, Buzzard Point",drive,30,6.28125,10209.8215
"Southwest Employment Area, Southwest Waterfront, Fort McNair, Buzzard Point",drive,40,8.375,6080.844758
"Southwest Employment Area, Southwest Waterfront, Fort McNair, Buzzard Point",drive,50,10.46875,3621.676731
"Southwest Employment Area, Southwest Waterfront, Fort McNair, Buzzard Point",drive,60,12.5625,2157.026345
"Southwest Employment Area, Southwest Waterfront, Fort McNair, Buzzard Point",bicycle,10,0.260273973,36645.65786
"Southwest Employment Area, Southwest Waterfront, Fort McNair, Buzzard Point",bicycle,20,0.260273973,36645.65786
"Southwest Employment Area, Southwest Waterfront, Fort McNair, Buzzard Point",bicycle,30,0.260273973,36645.65786
"Southwest Employment Area, Southwest Waterfront, Fort McNair, Buzzard Point",bicycle,40,0.260273973,36645.65786
"Southwest Employment Area, Southwest Waterfront, Fort McNair, Buzzard Point",bicycle,50,0.510273973,34446.91832
"Southwest Employment Area, Southwest Waterfront, Fort McNair, Buzzard Point",bicycle,60,1.010273973,30437.29691
"Southwest Employment Area, Southwest Waterfront, Fort McNair, Buzzard Point",walk,10,0,5277
"Southwest Employment Area, Southwest Waterfront, Fort McNair, Buzzard Point",walk,20,0,5277
"Southwest Employment Area, Southwest Waterfront, Fort McNair, Buzzard Point",walk,30,0,5277
"Southwest Employment Area, Southwest Waterfront, Fort McNair, Buzzard Point",walk,40,0,5277
"Southwest Employment Area, Southwest Waterfront, Fort McNair, Buzzard Point",walk,50,0,5277
"Southwest Employment Area, Southwest Waterfront, Fort McNair, Buzzard Point",walk,60,0,5277
"Southwest Employment Area, Southwest Waterfront, Fort McNair, Buzzard Point",transit,10,2,20055.42733
"Southwest Employment Area, Southwest Waterfront, Fort McNair, Buzzard Point",transit,20,2,20055.42733
"Southwest Employment Area, Southwest Waterfront, Fort McNair, Buzzard Point",transit,30,2,20055.42733
"Southwest Employment Area, Southwest Waterfront, Fort McNair, Buzzard Point",transit,40,2,20055.42733
"Southwest Employment Area, Southwest Waterfront, Fort McNair, Buzzard Point",transit,50,2,20055.42733
"Southwest Employment Area, Southwest Waterfront, Fort McNair, Buzzard Point",transit,60,2,20055.42733
"Spring Valley, Palisades, Wesley Heights, Foxhall Crescent, Foxhall Village, Georgetown Reservoir",drive,10,2.09375,7849.706262
"Spring Valley, Palisades, Wesley Heights, Foxhall Crescent, Foxhall Village, Georgetown Reservoir",drive,20,4.1875,1558.40786
"Spring Valley, Palisades, Wesley Heights, Foxhall Crescent, Foxhall Village, Georgetown Reservoir",drive,30,6.28125,309.3918394
"Spring Valley, Palisades, Wesley Heights, Foxhall Crescent, Foxhall Village, Georgetown Reservoir",drive,40,8.375,61.42378561
"Spring Valley, Palisades, Wesley Heights, Foxhall Crescent, Foxhall Village, Georgetown Reservoir",drive,50,10.46875,12.19450857
"Spring Valley, Palisades, Wesley Heights, Foxhall Crescent, Foxhall Village, Georgetown Reservoir",drive,60,12.5625,2.420984606
"Spring Valley, Palisades, Wesley Heights, Foxhall Crescent, Foxhall Village, Georgetown Reservoir",bicycle,10,0.260273973,25392.45309
"Spring Valley, Palisades, Wesley Heights, Foxhall Crescent, Foxhall Village, Georgetown Reservoir",bicycle,20,0.260273973,25392.45309
"Spring Valley, Palisades, Wesley Heights, Foxhall Crescent, Foxhall Village, Georgetown Reservoir",bicycle,30,0.260273973,25392.45309
"Spring Valley, Palisades, Wesley Heights, Foxhall Crescent, Foxhall Village, Georgetown Reservoir",bicycle,40,0.260273973,25392.45309
"Spring Valley, Palisades, Wesley Heights, Foxhall Crescent, Foxhall Village, Georgetown Reservoir",bicycle,50,0.510273973,20934.52894
"Spring Valley, Palisades, Wesley Heights, Foxhall Crescent, Foxhall Village, Georgetown Reservoir",bicycle,60,1.010273973,14229.19272
"Spring Valley, Palisades, Wesley Heights, Foxhall Crescent, Foxhall Village, Georgetown Reservoir",walk,10,0,854
"Spring Valley, Palisades, Wesley Heights, Foxhall Crescent, Foxhall Village, Georgetown Reservoir",walk,20,0,854
"Spring Valley, Palisades, Wesley Heights, Foxhall Crescent, Foxhall Village, Georgetown Reservoir",walk,30,0,854
"Spring Valley, Palisades, Wesley Heights, Foxhall Crescent, Foxhall Village, Georgetown Reservoir",walk,40,0,854
"Spring Valley, Palisades, Wesley Heights, Foxhall Crescent, Foxhall Village, Georgetown Reservoir",walk,50,0,854
"Spring Valley, Palisades, Wesley Heights, Foxhall Crescent, Foxhall Village, Georgetown Reservoir",walk,60,0,854
"Spring Valley, Palisades, Wesley Heights, Foxhall Crescent, Foxhall Village, Georgetown Reservoir",transit,10,2,131.6901942
"Spring Valley, Palisades, Wesley Heights, Foxhall Crescent, Foxhall Village, Georgetown Reservoir",transit,20,2,131.6901942
"Spring Valley, Palisades, Wesley Heights, Foxhall Crescent, Foxhall Village, Georgetown Reservoir",transit,30,2,131.6901942
"Spring Valley, Palisades, Wesley Heights, Foxhall Crescent, Foxhall Village, Georgetown Reservoir",transit,40,2,131.6901942
"Spring Valley, Palisades, Wesley Heights, Foxhall Crescent, Foxhall Village, Georgetown Reservoir",transit,50,2,131.6901942
"Spring Valley, Palisades, Wesley Heights, Foxhall Crescent, Foxhall Village, Georgetown Reservoir",transit,60,2,131.6901942
"Takoma, Brightwood, Manor Park",drive,10,2.09375,22653.18928
"Takoma, Brightwood, Manor Park",drive,20,4.1875,12441.31657
"Takoma, Brightwood, Manor Park",drive,30,6.28125,6832.872672
"Takoma, Brightwood, Manor Park",drive,40,8.375,3752.669478
"Takoma, Brightwood, Manor Park",drive,50,10.46875,2060.996727
"Takoma, Brightwood, Manor Park",drive,60,12.5625,1131.916235
"Takoma, Brightwood, Manor Park",bicycle,10,0.260273973,32313.80993
"Takoma, Brightwood, Manor Park",bicycle,20,0.260273973,32313.80993
"Takoma, Brightwood, Manor Park",bicycle,30,0.260273973,32313.80993
"Takoma, Brightwood, Manor Park",bicycle,40,0.260273973,32313.80993
"Takoma, Brightwood, Manor Park",bicycle,50,0.510273973,30082.36563
"Takoma, Brightwood, Manor Park",bicycle,60,1.010273973,26071.11613
"Takoma, Brightwood, Manor Park",walk,10,0,2521
"Takoma, Brightwood, Manor Park",walk,20,0,2521
"Takoma, Brightwood, Manor Park",walk,30,0,2521
"Takoma, Brightwood, Manor Park",walk,40,0,2521
"Takoma, Brightwood, Manor Park",walk,50,0,2521
"Takoma, Brightwood, Manor Park",walk,60,0,2521
"Takoma, Brightwood, Manor Park",transit,10,2,5286.6005
"Takoma, Brightwood, Manor Park",transit,20,2,5286.6005
"Takoma, Brightwood, Manor Park",transit,30,2,5286.6005
"Takoma, Brightwood, Manor Park",transit,40,2,5286.6005
"Takoma, Brightwood, Manor Park",transit,50,2,5286.6005
"Takoma, Brightwood, Manor Park",transit,60,2,5286.6005
"Twining, Fairlawn, Randle Highlands, Penn Branch, Fort Davis Park, Fort Dupont",drive,10,2.09375,33188.22786
"Twining, Fairlawn, Randle Highlands, Penn Branch, Fort Davis Park, Fort Dupont",drive,20,4.1875,24454.03109
"Twining, Fairlawn, Randle Highlands, Penn Branch, Fort Davis Park, Fort Dupont",drive,30,6.28125,18018.42627
"Twining, Fairlawn, Randle Highlands, Penn Branch, Fort Davis Park, Fort Dupont",drive,40,8.375,13276.48942
"Twining, Fairlawn, Randle Highlands, Penn Branch, Fort Davis Park, Fort Dupont",drive,50,10.46875,9782.495362
"Twining, Fairlawn, Randle Highlands, Penn Branch, Fort Davis Park, Fort Dupont",drive,60,12.5625,7208.021071
"Twining, Fairlawn, Randle Highlands, Penn Branch, Fort Davis Park, Fort Dupont",bicycle,10,0.260273973,30549.89825
"Twining, Fairlawn, Randle Highlands, Penn Branch, Fort Davis Park, Fort Dupont",bicycle,20,0.260273973,30549.89825
"Twining, Fairlawn, Randle Highlands, Penn Branch, Fort Davis Park, Fort Dupont",bicycle,30,0.260273973,30549.89825
"Twining, Fairlawn, Randle Highlands, Penn Branch, Fort Davis Park, Fort Dupont",bicycle,40,0.260273973,30549.89825
"Twining, Fairlawn, Randle Highlands, Penn Branch, Fort Davis Park, Fort Dupont",bicycle,50,0.510273973,29455.94227
"Twining, Fairlawn, Randle Highlands, Penn Branch, Fort Davis Park, Fort Dupont",bicycle,60,1.010273973,27384.14739
"Twining, Fairlawn, Randle Highlands, Penn Branch, Fort Davis Park, Fort Dupont",walk,10,0,1912
"Twining, Fairlawn, Randle Highlands, Penn Branch, Fort Davis Park, Fort Dupont",walk,20,0,1912
"Twining, Fairlawn, Randle Highlands, Penn Branch, Fort Davis Park, Fort Dupont",walk,30,0,1912
"Twining, Fairlawn, Randle Highlands, Penn Branch, Fort Davis Park, Fort Dupont",walk,40,0,1912
"Twining, Fairlawn, Randle Highlands, Penn Branch, Fort Davis Park, Fort Dupont",walk,50,0,1912
"Twining, Fairlawn, Randle Highlands, Penn Branch, Fort Davis Park, Fort Dupont",walk,60,0,1912
"Twining, Fairlawn, Randle Highlands, Penn Branch, Fort Davis Park, Fort Dupont",transit,10,2,5630.686503
"Twining, Fairlawn, Randle Highlands, Penn Branch, Fort Davis Park, Fort Dupont",transit,20,2,5630.686503
"Twining, Fairlawn, Randle Highlands, Penn Branch, Fort Davis Park, Fort Dupont",transit,30,2,5630.686503
"Twining, Fairlawn, Randle Highlands, Penn Branch, Fort Davis Park, Fort Dupont",transit,40,2,5630.686503
"Twining, Fairlawn, Randle Highlands, Penn Branch, Fort Davis Park, Fort Dupont",transit,50,2,5630.686503
"Twining, Fairlawn, Randle Highlands, Penn Branch, Fort Davis Park, Fort Dupont",transit,60,2,5630.686503
"Union Station, Stanton Park, Kingman Park",drive,10,2.09375,17762.06429
"Union Station, Stanton Park, Kingman Park",drive,20,4.1875,6619.199962
"Union Station, Stanton Park, Kingman Park",drive,30,6.28125,2466.70699
"Union Station, Stanton Park, Kingman Park",drive,40,8.375,919.2415109
"Union Station, Stanton Park, Kingman Park",drive,50,10.46875,342.5639765
"Union Station, Stanton Park, Kingman Park",drive,60,12.5625,127.659681
"Union Station, Stanton Park, Kingman Park",bicycle,10,0.260273973,37822.26364
"Union Station, Stanton Park, Kingman Park",bicycle,20,0.260273973,37822.26364
"Union Station, Stanton Park, Kingman Park",bicycle,30,0.260273973,37822.26364
"Union Station, Stanton Park, Kingman Park",bicycle,40,0.260273973,37822.26364
"Union Station, Stanton Park, Kingman Park",bicycle,50,0.510273973,33617.15049
"Union Station, Stanton Park, Kingman Park",bicycle,60,1.010273973,26557.52871
"Union Station, Stanton Park, Kingman Park",walk,10,0,6707
"Union Station, Stanton Park, Kingman Park",walk,20,0,6707
"Union Station, Stanton Park, Kingman Park",walk,30,0,6707
"Union Station, Stanton Park, Kingman Park",walk,40,0,6707
"Union Station, Stanton Park, Kingman Park",walk,50,0,6707
"Union Station, Stanton Park, Kingman Park",walk,60,0,6707
"Union Station, Stanton Park, Kingman Park",transit,10,2,7464.760344
"Union Station, Stanton Park, Kingman Park",transit,20,2,7464.760344
"Union Station, Stanton Park, Kingman Park",transit,30,2,7464.760344
"Union Station, Stanton Park, Kingman Park",transit,40,2,7464.760344
"Union Station, Stanton Park, Kingman Park",transit,50,2,7464.760344
"Union Station, Stanton Park, Kingman Park",transit,60,2,7464.760344
Walter Reed,drive,10,2.09375,19528.93285
Walter Reed,drive,20,4.1875,9846.36404
Walter Reed,drive,30,6.28125,4964.474278
Walter Reed,drive,40,8.375,2503.056433
Walter Reed,drive,50,10.46875,1262.025172
Walter Reed,drive,60,12.5625,636.3050849
Walter Reed,bicycle,10,0.260273973,28572.21198
Walter Reed,bicycle,20,0.260273973,28572.21198
Walter Reed,bicycle,30,0.260273973,28572.21198
Walter Reed,bicycle,40,0.260273973,28572.21198
Walter Reed,bicycle,50,0.510273973,26328.92349
Walter Reed,bicycle,60,1.010273973,22356.8998
Walter Reed,walk,10,0,2009
Walter Reed,walk,20,0,2009
Walter Reed,walk,30,0,2009
Walter Reed,walk,40,0,2009
Walter Reed,walk,50,0,2009
Walter Reed,walk,60,0,2009
Walter Reed,transit,10,2,4385.296866
Walter Reed,transit,20,2,4385.296866
Walter Reed,transit,30,2,4385.296866
Walter Reed,transit,40,2,4385.296866
Walter Reed,transit,50,2,4385.296866
Walter Reed,transit,60,2,4385.296866
"West End, Foggy Bottom, GWU",drive,10,2.09375,30511.19753
"West End, Foggy Bottom, GWU",drive,20,4.1875,18435.05039
"West End, Foggy Bottom, GWU",drive,30,6.28125,11138.56913
"West End, Foggy Bottom, GWU",drive,40,8.375,6729.990951
"West End, Foggy Bottom, GWU",drive,50,10.46875,4066.301305
"West End, Foggy Bottom, GWU",drive,60,12.5625,2456.883883
"West End, Foggy Bottom, GWU",bicycle,10,0.260273973,41544.74193
"West End, Foggy Bottom, GWU",bicycle,20,0.260273973,41544.74193
"West End, Foggy Bottom, GWU",bicycle,30,0.260273973,41544.74193
"West End, Foggy Bottom, GWU",bicycle,40,0.260273973,41544.74193
"West End, Foggy Bottom, GWU",bicycle,50,0.510273973,39119.10503
"West End, Foggy Bottom, GWU",bicycle,60,1.010273973,34684.43306
"West End, Foggy Bottom, GWU",walk,10,0,9880
"West End, Foggy Bottom, GWU",walk,20,0,9880
"West End, Foggy Bottom, GWU",walk,30,0,9880
"West End, Foggy Bottom, GWU",walk,40,0,9880
"West End, Foggy Bottom, GWU",walk,50,0,9880
"West End, Foggy Bottom, GWU",walk,60,0,9880
"West End, Foggy Bottom, GWU",transit,10,2,20259.62733
"West End, Foggy Bottom, GWU",transit,20,2,20259.62733
"West End, Foggy Bottom, GWU",transit,30,2,20259.62733
"West End, Foggy Bottom, GWU",transit,40,2,20259.62733
"West End, Foggy Bottom, GWU",transit,50,2,20259.62733
"West End, Foggy Bottom, GWU",transit,60,2,20259.62733
"Woodland Fort Stanton, Garfield Heights, Knox Hill",drive,10,2.09375,40421.2666
"Woodland Fort Stanton, Garfield Heights, Knox Hill",drive,20,4.1875,39787.62434
"Woodland Fort Stanton, Garfield Heights, Knox Hill",drive,30,6.28125,39163.91503
"Woodland Fort Stanton, Garfield Heights, Knox Hill",drive,40,8.375,38549.98296
"Woodland Fort Stanton, Garfield Heights, Knox Hill",drive,50,10.46875,37945.67487
"Woodland Fort Stanton, Garfield Heights, Knox Hill",drive,60,12.5625,37350.83989
"Woodland Fort Stanton, Garfield Heights, Knox Hill",bicycle,10,0.260273973,28080.79194
"Woodland Fort Stanton, Garfield Heights, Knox Hill",bicycle,20,0.260273973,28080.79194
"Woodland Fort Stanton, Garfield Heights, Knox Hill",bicycle,30,0.260273973,28080.79194
"Woodland Fort Stanton, Garfield Heights, Knox Hill",bicycle,40,0.260273973,28080.79194
"Woodland Fort Stanton, Garfield Heights, Knox Hill",bicycle,50,0.510273973,28027.86514
"Woodland Fort Stanton, Garfield Heights, Knox Hill",bicycle,60,1.010273973,27922.31064
"Woodland Fort Stanton, Garfield Heights, Knox Hill",walk,10,0,1367
"Woodland Fort Stanton, Garfield Heights, Knox Hill",walk,20,0,1367
"Woodland Fort Stanton, Garfield Heights, Knox Hill",walk,30,0,1367
"Woodland Fort Stanton, Garfield Heights, Knox Hill",walk,40,0,1367
"Woodland Fort Stanton, Garfield Heights, Knox Hill",walk,50,0,1367
"Woodland Fort Stanton, Garfield Heights, Knox Hill",walk,60,0,1367
"Woodland Fort Stanton, Garfield Heights, Knox Hill",transit,10,2,4474.948868
"Woodland Fort Stanton, Garfield Heights, Knox Hill",transit,20,2,4474.948868
"Woodland Fort Stanton, Garfield Heights, Knox Hill",transit,30,2,4474.948868
"Woodland Fort Stanton, Garfield Heights, Knox Hill",transit,40,2,4474.948868
"Woodland Fort Stanton, Garfield Heights, Knox Hill",transit,50,2,4474.948868
"Woodland Fort Stanton, Garfield Heights, Knox Hill",transit,60,2,4474.948868
"Woodridge, Fort Lincoln, Gateway",drive,10,2.09375,25499.28281
"Woodridge, Fort Lincoln, Gateway",drive,20,4.1875,15128.98283
"Woodridge, Fort Lincoln, Gateway",drive,30,6.28125,8976.178783
"Woodridge, Fort Lincoln, Gateway",drive,40,8.375,5325.65781
"Woodridge, Fort Lincoln, Gateway",drive,50,10.46875,3159.766733
"Woodridge, Fort Lincoln, Gateway",drive,60,12.5625,1874.721614
"Woodridge, Fort Lincoln, Gateway",bicycle,10,0.260273973,30880.56694
"Woodridge, Fort Lincoln, Gateway",bicycle,20,0.260273973,30880.56694
"Woodridge, Fort Lincoln, Gateway",bicycle,30,0.260273973,30880.56694
"Woodridge, Fort Lincoln, Gateway",bicycle,40,0.260273973,30880.56694
"Woodridge, Fort Lincoln, Gateway",bicycle,50,0.510273973,29014.45591
"Woodridge, Fort Lincoln, Gateway",bicycle,60,1.010273973,25613.72619
"Woodridge, Fort Lincoln, Gateway",walk,10,0,1118
"Woodridge, Fort Lincoln, Gateway",walk,20,0,1118
"Woodridge, Fort Lincoln, Gateway",walk,30,0,1118
"Woodridge, Fort Lincoln, Gateway",walk,40,0,1118
"Woodridge, Fort Lincoln, Gateway",walk,50,0,1118
"Woodridge, Fort Lincoln, Gateway",walk,60,0,1118
"Woodridge, Fort Lincoln, Gateway",transit,10,2,537.4976845
"Woodridge, Fort Lincoln, Gateway",transit,20,2,537.4976845
"Woodridge, Fort Lincoln, Gateway",transit,30,2,537.4976845
"Woodridge, Fort Lincoln, Gateway",transit,40,2,537.4976845
"Woodridge, Fort Lincoln, Gateway",transit,50,2,537.4976845
"Woodridge, Fort Lincoln, Gateway",transit,60,2,537.4976845
